Date,Views,Profile Views,Likes,Comments,Shares
2025-12-15,1749,12,52,1,0
2025-12-16,5937,50,204,2,3
2025-12-17,40727,317,2044,8,63
2025-12-18,15490,201,1193,5,44
2025-12-19,23094,281,1843,9,90
2025-12-20,13069,181,959,2,54
2025-12-21,7046,79,490,0,16
2025-12-22,7564,87,533,0,31
2025-12-23,8223,91,563,2,27
2025-12-24,4604,41,283,2,18
2025-12-25,3638,45,317,1,12
2025-12-26,4882,50,357,0,17
2025-12-27,3737,36,238,0,14
2025-12-28,10921,120,519,2,22
2025-12-29,7079,63,394,1,12
2025-12-30,5199,53,319,0,19
2025-12-31,2325,35,153,0,6
2026-01-01,3457,43,265,0,5
2026-01-02,3047,29,189,0,7
2026-01-03,2289,29,152,0,16
2026-01-04,1888,38,104,0,2
2026-01-05,6068,56,288,3,15
2026-01-06,20679,268,985,5,37
2026-01-07,9643,102,428,4,15
2026-01-08,5428,56,320,0,15
2026-01-09,2786,25,196,0,11
2026-01-10,2630,26,145,2,3
2026-01-11,3547,26,184,1,7
2026-01-12,2446,31,128,0,8
2026-01-13,4017,41,280,0,11
2026-01-14,7451,74,326,0,18
2026-01-15,9032,74,420,0,43
2026-01-16,4481,36,252,1,22
2026-01-17,3215,29,206,0,18
2026-01-18,2211,26,140,1,7
2026-01-19,5549,52,379,0,8
2026-01-20,5278,69,349,2,12
2026-01-21,4740,42,231,2,7
2026-01-22,3349,30,176,2,9
2026-01-23,2082,30,133,0,9
2026-01-24,2684,24,130,2,3
2026-01-25,2156,23,132,0,4
2026-01-26,2776,31,161,1,18
2026-01-27,2340,26,144,0,4
2026-01-28,13303,189,672,4,21
2026-01-29,3202,50,168,3,12
2026-01-30,13788,133,596,1,24
2026-01-31,7402,82,273,0,18
2026-02-01,7304,87,296,3,20
2026-02-02,4696,54,168,1,12
2026-02-03,4938,56,291,1,10
2026-02-04,9242,107,387,0,25
2026-02-05,5633,51,321,1,15
2026-02-06,7885,104,443,0,29
2026-02-07,7698,75,361,0,33
2026-02-08,6037,78,328,0,25
2026-02-09,4170,46,249,2,19
2026-02-10,5107,64,359,0,16
2026-02-11,3900,42,188,1,15
